w1,w2,mean_pdr,mean_energy,mean_collision_rate,mean_channel_util,mean_hop_count,reach_rate,mean_battery_remaining,mean_rssi,mean_neighbors,n_valid
0.05,0.95,0.7098178350295804,142.34864016736404,0.3300479277152518,0.36592580642484035,18.38702928870293,0.6757322175732218,63.032456024947734,-124.4814372901355,11.379859724022516,478
0.059,0.941,0.7030162488633254,140.89035639413,0.3245151635349932,0.3668168024326686,18.157232704402517,0.6687631027253669,63.47818359699819,-123.45150513156531,11.783122125358993,477
0.068,0.932,0.7106202262813749,142.14432773109246,0.33303943970871,0.3668507981338818,18.428571428571427,0.6260504201680672,63.06790218030744,-124.20419008739901,11.665421413853418,476
0.077,0.923,0.6922199998038749,141.43800000000005,0.3282990514108306,0.3796285164335539,18.66315789473684,0.6442105263157895,64.22481965583944,-123.10312767946343,11.571060634284654,475
0.086,0.914,0.7073055946393519,148.35892857142858,0.333863653780317,0.3590639636829944,19.07983193277311,0.6281512605042017,64.3332802839259,-123.35026956770706,11.32970053354356,476
0.095,0.905,0.7012836358307547,149.1498966942149,0.3284474588547722,0.3733695213563109,19.276859504132233,0.6528925619834711,63.45947117508783,-122.03006658882526,11.374272844260567,484
0.105,0.895,0.6961092151791115,145.01441908713696,0.3346542469034144,0.36902750943609985,18.740663900414937,0.6576763485477178,62.83947711059286,-122.3514816921831,11.608985589142646,482
0.114,0.886,0.7187374356338099,143.6714730290457,0.33018791660240615,0.36204782295664834,18.970954356846473,0.6182572614107884,62.21296201588049,-123.2871790437447,11.08052437730057,482
0.123,0.877,0.7027975950765883,137.67563291139243,0.33045241201097286,0.3738596851323423,17.953586497890296,0.6434599156118144,64.10263392672006,-122.36729386095222,11.265693187797552,474
0.132,0.868,0.7068740653933379,146.04435146443518,0.32965269544406883,0.36047107156977154,19.16317991631799,0.6715481171548117,62.40237599550597,-122.33086289630562,11.29486809719908,478
0.141,0.859,0.7075204952460593,142.5328838174274,0.32346496773144295,0.3631461296706029,18.62448132780083,0.6659751037344398,64.77024993140606,-122.72014122227304,11.607062612969955,482
0.15,0.85,0.6963781326558119,141.37397119341566,0.325832158547004,0.37190194017956474,18.51440329218107,0.6502057613168725,64.75892934634331,-122.78130585924032,11.365553846331169,486
0.159,0.841,0.7012898906382417,137.6343157894737,0.32630074051611974,0.38158846239010175,18.05263157894737,0.6484210526315789,63.17905665303319,-121.51102400112009,11.080687090015896,475
0.168,0.832,0.6989805161491328,147.03354297693923,0.33943761195840866,0.37025907532447017,18.90566037735849,0.6561844863731656,62.191825668700886,-121.35205373258192,12.00584615399803,477
0.177,0.823,0.7102948252616844,143.82064315352702,0.3318690420673183,0.36236279286898604,18.66804979253112,0.6203319502074689,63.18166696807296,-122.58719826215864,11.184794460650046,482
0.186,0.814,0.7014531690270606,140.44260416666668,0.33118134956246725,0.36799956747282075,18.283333333333335,0.6375,64.33890542712967,-121.48122946913371,11.136685190933845,480
0.195,0.805,0.713390151727474,133.199375,0.3293100546381746,0.36240706104851145,17.4375,0.65,64.15961356289522,-120.84238483408735,11.221802403743247,480
0.205,0.795,0.7012839852776716,135.45821205821207,0.33259534123152557,0.36991292012776555,17.644490644490645,0.6465696465696466,64.78415998872178,-120.8842505161198,11.449802240146337,481
0.214,0.786,0.704004969617411,135.37574786324788,0.3278021361851062,0.3607628131147769,17.57905982905983,0.6346153846153846,63.25482798656304,-122.16738818107481,11.430137743440545,468
0.223,0.777,0.6963263086154854,151.11383647798746,0.333792787185536,0.37478273288657044,19.568134171907758,0.6436058700209644,64.820142722911,-121.35271192544275,11.700207366430474,477
0.232,0.768,0.7015733162058353,141.06828512396697,0.33678879750489177,0.37235320208078526,18.31404958677686,0.6797520661157025,63.36044021307177,-120.84360073069584,11.512500800683831,484
0.241,0.759,0.7112058443525513,137.56767151767156,0.32768320477940305,0.3684000256033489,18.164241164241165,0.6029106029106029,64.54413455623741,-120.62255738731754,11.444792529245737,481
0.25,0.75,0.6977853036945709,130.61739130434785,0.321028355466666,0.37278477777416763,17.169772256728777,0.6770186335403726,63.028338160438906,-121.07851122221199,11.466176151520347,483
0.259,0.741,0.716842240508549,138.7710805084746,0.3295103153589016,0.3622905291931667,18.15042372881356,0.6694915254237288,63.74532248338794,-121.00474149571262,11.083101784343635,472
0.268,0.732,0.7228692989340888,138.1122916666667,0.3268236656599777,0.3530497048940131,18.025,0.6291666666666667,63.937331022734355,-122.34411568918692,10.943092932923056,480
0.277,0.723,0.7017833715687262,147.29241164241168,0.33291736928985544,0.3704627125877856,19.261954261954262,0.6611226611226612,62.68688661165172,-119.99892595879703,11.635772388910242,481
0.286,0.714,0.7198325724777865,143.33033826638479,0.3276040247286938,0.35569689255328285,18.625792811839325,0.638477801268499,62.862209533424796,-119.57217743720459,11.525644537120515,473
0.295,0.705,0.7195793646612118,139.61079664570232,0.3234699324471411,0.3489334049602942,18.146750524109013,0.6352201257861635,63.471724548900426,-121.04106195282476,10.773097921353026,477
0.305,0.695,0.7011428057462434,151.4165975103735,0.33700286416968755,0.3672151137354464,19.57676348547718,0.6265560165975104,64.00393344016821,-120.33654611311913,11.290850601630398,482
0.314,0.686,0.6909998118833468,137.5865263157895,0.3304927065841955,0.3651851473506409,17.835789473684212,0.6547368421052632,64.1123092303662,-120.01024662685442,11.39951330631359,475
0.323,0.677,0.7177153157826771,134.28918918918924,0.32340897105546146,0.353096148019126,17.68814968814969,0.6153846153846154,64.4284590236422,-120.15850185563586,10.76846871977158,481
0.332,0.668,0.687249962237835,135.71898340248964,0.33520632757697955,0.38530296833644245,17.601659751037346,0.6576763485477178,63.821706361106266,-119.72978513149074,11.886138402543239,482
0.341,0.659,0.7036246943761799,152.91512605042018,0.3307202284569273,0.3769156965097114,19.798319327731093,0.6470588235294118,62.672223242107854,-120.57682425851995,11.75195738435859,476
0.35,0.65,0.6895866676239002,148.54129979035642,0.3309415495166995,0.3765878662961988,19.10062893081761,0.6540880503144654,62.56157662975787,-119.46062382031981,11.941797037304399,477
0.359,0.641,0.693775358403074,146.13932346723047,0.32794434278546114,0.37562956339059217,19.257928118393234,0.6257928118393234,63.59313970048547,-120.34628967427783,11.58290727753827,473
0.368,0.632,0.6924748947973356,140.28489583333334,0.3335452649013147,0.37542767755877143,18.260416666666668,0.6666666666666666,62.786319370691004,-119.64893114474067,11.628457475987686,480
0.377,0.623,0.6967102376730692,135.48923395445138,0.33403266480047206,0.3693052190414557,17.51966873706004,0.6459627329192547,62.905394010217115,-119.48113024155346,11.494938229396324,483
0.386,0.614,0.7066611293990581,150.8393459915612,0.3318649584774371,0.3695096696082432,19.50210970464135,0.6708860759493671,62.480336170428245,-119.57324520121101,11.368553740198927,474
0.395,0.605,0.7206469610363184,131.98162839248437,0.31461081759707166,0.3604786184466089,17.31106471816284,0.6471816283924844,62.46754110705361,-120.28758807440954,11.473580723924329,479
0.405,0.595,0.6964479396312642,136.9523157894737,0.3318857603892166,0.3670338389830167,17.690526315789473,0.6736842105263158,63.12379657328555,-119.02445008844099,11.626004902708855,475
0.414,0.586,0.6678924657321422,153.68991683991686,0.3392421547273852,0.3811334072387807,19.374220374220375,0.6611226611226612,62.76692927866889,-119.25668617579005,12.617556374894129,481
0.423,0.577,0.6839502796097424,156.21808731808736,0.33949095328980966,0.37470949811711907,19.719334719334718,0.6444906444906445,62.06137017497566,-119.18979447184108,12.167521440583728,481
0.432,0.568,0.7107260258784203,133.78174273858923,0.3313834046116248,0.36569382582420523,17.452282157676347,0.6514522821576764,62.318058475605305,-119.05015936746214,11.417819304867459,482
0.441,0.559,0.7035025426180862,129.95348101265824,0.32754431507620707,0.36779771321913063,17.17721518987342,0.609704641350211,65.40260495366569,-119.5161328859325,11.022279743577723,474
0.45,0.55,0.7087451076372432,135.12730125523015,0.31857888345667384,0.35854628585415876,17.493723849372383,0.6317991631799164,62.346968639115275,-118.87083035440193,11.202516156354712,478
0.459,0.541,0.7092133590821122,144.0593220338983,0.32202198068396126,0.3661087275274353,18.940677966101696,0.6588983050847458,65.39799355099457,-119.52970055545252,11.534791560059249,472
0.468,0.532,0.7002168309158427,148.36585623678647,0.334560902199694,0.3725084275083549,18.97463002114165,0.6680761099365751,62.581910687956466,-118.82056932952236,11.918083277155695,473
0.477,0.523,0.7031370257278005,143.49968017057572,0.3316445823860768,0.3672318256099024,18.6545842217484,0.6417910447761194,62.13836588589726,-118.31630647555244,11.321461074439494,469
0.486,0.514,0.6662140217293806,151.16780538302282,0.3455697297116069,0.39843576355413296,19.20703933747412,0.6666666666666666,62.71354226399576,-118.32357847824082,12.419924935092812,483
0.495,0.505,0.703420581979269,134.5282105263158,0.31996593912579546,0.368307052618341,17.58736842105263,0.6294736842105263,64.35950780739923,-119.71270143561385,11.037876512186513,475
0.505,0.495,0.7063370915671386,140.85790020790023,0.3328998376680682,0.3720327081643937,18.41995841995842,0.6694386694386695,62.527545375827366,-119.01251290497471,11.553991334238336,481
0.514,0.486,0.6960761307407899,143.84460580912864,0.3349116312385551,0.3692872268057625,18.66804979253112,0.6244813278008299,63.11655260765182,-118.82407493257935,11.4562033388443,482
0.523,0.477,0.6845154074881713,143.34347368421058,0.3252867693371704,0.3738275839690385,18.41894736842105,0.6210526315789474,66.44008219824886,-118.33456169433995,11.527722115557163,475
0.532,0.468,0.6889032766732762,146.81873661670238,0.33618419928593307,0.37092265405822394,18.822269807280513,0.6402569593147751,63.6950465277708,-118.78575312278082,11.829618239497993,467
0.541,0.459,0.6770119228810227,148.23430353430356,0.3389267173715775,0.37243901275155383,18.91891891891892,0.6694386694386695,63.13843307157131,-118.7661869425347,12.006224190775598,481
0.55,0.45,0.7009026498377854,144.34343750000002,0.3336357037825656,0.3694488550263887,18.48125,0.6354166666666666,62.16109191636193,-118.05108571321514,11.441359287009284,480
0.559,0.441,0.6806727136671046,149.8430379746836,0.3378820272862519,0.3798952768017319,19.185654008438817,0.6329113924050633,63.964946647494024,-118.15102546278824,11.983727518243017,474
0.568,0.432,0.7034774127426152,124.32907949790797,0.3254813377618302,0.35505728498347805,16.376569037656903,0.6527196652719666,64.29800096511998,-118.93293563252286,10.912609934609113,478
0.577,0.423,0.7047981424682261,134.09234042553194,0.33185240452056425,0.36681973243977767,17.340425531914892,0.648936170212766,63.3748049807889,-117.71902227403149,11.095683345097667,470
0.586,0.414,0.6985841900335097,136.4299582463466,0.3366281981332209,0.36501739897243407,17.68267223382046,0.6388308977035491,63.92815003565654,-119.96235057192143,11.430614523989696,479
0.595,0.405,0.7004971910698302,139.44035639413,0.3344747729634984,0.3625450110842575,18.062893081761008,0.6540880503144654,62.73068620220302,-119.17921553846666,11.07802505817709,477
0.605,0.395,0.6879934673889645,152.20535714285717,0.34081941146902667,0.37708304867494463,19.44747899159664,0.615546218487395,64.93276366135011,-118.13536349254339,11.767597082999798,476
0.614,0.386,0.6982153107440188,140.3088235294118,0.3205576299167928,0.37775145069097577,18.063025210084035,0.6218487394957983,64.92293005307491,-117.91320786199748,11.322592328247548,476
0.623,0.377,0.6900738971074266,143.26083333333335,0.343226384385259,0.37642832752489647,18.479166666666668,0.6541666666666667,63.48725140946045,-117.50590660623918,11.716979058399788,480
0.632,0.368,0.6964523339770736,142.51642561983473,0.3336241203655538,0.36941059590661857,18.305785123966942,0.6239669421487604,62.76483329265071,-118.45265483017776,11.86341096063944,484
0.641,0.359,0.6966431517037102,132.6703933747412,0.33265517152213525,0.3693766386085733,17.180124223602483,0.6128364389233955,64.64435508921547,-118.20975342910376,11.26082718448953,483
0.65,0.35,0.7104567069483324,130.7745798319328,0.32832591694849106,0.3646059971534777,17.23739495798319,0.657563025210084,62.5215527884727,-118.78641647587888,11.09396822426831,476
0.659,0.341,0.7213024599755311,136.46553911205078,0.3193947304943329,0.3575692425728825,17.64059196617336,0.6405919661733616,63.01903976947808,-117.8749407018839,11.319456984501889,473
0.668,0.332,0.6774290384811744,144.4094339622642,0.34249321817064904,0.37528634850008935,18.266247379454928,0.6519916142557652,65.22819100439071,-117.16945187505219,12.051154389044608,477
0.677,0.323,0.7025447207732927,143.40623700623706,0.32692715140099704,0.36448311292627056,18.71101871101871,0.6216216216216216,64.33092141477535,-118.77843836319211,11.142162083792405,481
0.686,0.314,0.7060834639313126,135.82761506276154,0.32898362937489417,0.36163953265916615,17.832635983263597,0.6673640167364017,63.816641058949976,-118.03224121399663,11.100295756486648,478
0.695,0.305,0.712528304527448,147.40453608247424,0.32657485445066814,0.3624464431486171,19.15257731958763,0.6762886597938145,62.88988958807215,-118.3825936608058,11.173511880310746,485
0.705,0.295,0.7090543128615145,137.66821052631582,0.3253598674944792,0.36190385496168687,17.728421052631578,0.6294736842105263,63.709693277716255,-118.29158478243912,11.373433912153915,475
0.714,0.286,0.6813348942394531,142.77072916666668,0.3324683376309305,0.38427537523154703,18.3,0.6145833333333334,61.90249351932889,-117.11332177673063,12.078798350393306,480
0.723,0.277,0.7116015102468669,130.83392116182574,0.3246732564695806,0.36065525197595666,17.010373443983404,0.6452282157676349,62.38220534307579,-117.74962579200964,10.918237334047609,482
0.732,0.268,0.7115072028953036,141.2711252653928,0.3246340438783957,0.36059433064024105,18.59447983014862,0.6072186836518046,64.6674216476551,-118.29169857602176,11.355230484471214,471
0.741,0.259,0.6923188542875484,137.34684873949584,0.33613249667324574,0.36794847099755107,17.73109243697479,0.6533613445378151,63.68973981019845,-117.44242716477507,11.903425446686212,476
0.75,0.25,0.7078268367851392,132.44926624737948,0.3262595400146956,0.3651616781914725,17.19077568134172,0.6184486373165619,63.50274129219212,-118.46675560793761,11.157017082452787,477
0.759,0.241,0.6917814713896221,135.78768421052632,0.3355809867286277,0.3844820417438851,17.745263157894737,0.6463157894736842,63.67712141317706,-117.5559649494616,11.368387408579757,475
0.768,0.232,0.6994340812081677,135.85202991452994,0.32787622568653324,0.3653979127973059,17.799145299145298,0.6474358974358975,63.732124007706595,-118.7486468276336,11.130309967773588,468
0.777,0.223,0.6929238573102044,153.31816283924846,0.3254253328948399,0.3737750904336435,19.711899791231733,0.6242171189979123,62.02703605818361,-117.51108003326455,11.711484977954457,479
0.786,0.214,0.7045560232594806,146.6127310061602,0.3259687392239882,0.36540285773507314,18.95277207392197,0.6201232032854209,62.60553244555387,-117.63681744078129,11.952845552886124,487
0.795,0.205,0.7020998449091718,136.33265957446812,0.3255379665812368,0.3737718060214435,17.814893617021276,0.6127659574468085,64.08571137157399,-117.01551145869202,11.662349905241156,470
0.805,0.195,0.670784963350406,158.7740506329114,0.349173775775387,0.3809535607007874,20.073839662447256,0.6455696202531646,62.63074657941309,-116.75722158908512,12.368982111327135,474
0.814,0.186,0.6695332164327692,139.53813559322037,0.3369603259706482,0.3849773360141038,17.54237288135593,0.7033898305084746,63.30275757159201,-116.58795296860694,12.400941855360415,472
0.823,0.177,0.670868066120882,139.14760416666667,0.33697787433286075,0.3858418774909628,18.072916666666668,0.64375,63.430758530702036,-117.49109593190978,12.076847740699126,480
0.832,0.168,0.713318708885819,137.6819126819127,0.3179685028690603,0.35514606116873587,17.632016632016633,0.6237006237006237,62.57337255236666,-117.40302112355336,11.608543334654465,481
0.841,0.159,0.6949386013915856,133.19926931106474,0.32507253457579516,0.3662827654190973,17.37160751565762,0.6367432150313153,63.023377908581914,-118.26299160052842,11.164740240638462,479
0.85,0.15,0.693007254350814,147.77872340425532,0.3371917135360422,0.3784329176567689,19.180851063829788,0.597872340425532,61.477522047271286,-117.33957642522707,11.770668805767789,470
0.859,0.141,0.6997173186809743,138.52906976744188,0.318900429913098,0.36767042117987847,18.031712473572938,0.6257928118393234,63.58497119777232,-117.51527299740242,11.580253064861562,473
0.868,0.132,0.6919374698122356,148.46914893617026,0.33503669126938235,0.364900981926387,19.338297872340426,0.6191489361702127,62.57619807688286,-117.78273833856728,11.475685368613831,470
0.877,0.123,0.696624008296264,137.89434782608697,0.3360605416771592,0.3744869793959858,17.821739130434782,0.6608695652173913,64.51175151196526,-116.7757368710551,11.257652109517977,460
0.886,0.114,0.6948535388136879,137.23538135593222,0.32735618186519494,0.36494033596263964,17.673728813559322,0.597457627118644,63.40613745729414,-117.12730904904782,11.65905094121656,472
0.895,0.105,0.6924524215263814,142.04348739495802,0.3372309240575109,0.3753500403080924,18.16386554621849,0.634453781512605,62.9855878184736,-117.2427417908479,11.66037169376869,476
0.905,0.095,0.6900388300483503,145.90585774058582,0.33902848664072094,0.3803293699192409,18.661087866108787,0.6506276150627615,63.8924544820359,-116.80244022833726,11.760352485274494,478
0.914,0.086,0.6949587433090211,133.91683991683993,0.32864167385812554,0.3755672960667665,17.677754677754677,0.6029106029106029,64.60724561144987,-117.95276293828796,11.053516498829875,481
0.923,0.077,0.689656692150118,137.53487394957983,0.3332317450529003,0.37040169162719966,17.756302521008404,0.6512605042016807,62.74872203403411,-118.10877810525348,11.483748616824064,476
0.932,0.068,0.701642080356011,133.8810669456067,0.32369733799148553,0.36644179927855275,17.40376569037657,0.6799163179916318,63.69644790790422,-117.12845387470733,11.453954705013823,478
0.941,0.059,0.6888599089453313,141.81875000000002,0.33650778842310564,0.3827439231880364,18.44279661016949,0.6504237288135594,64.04380322375157,-116.64397619631279,11.593013895405644,472
0.95,0.05,0.6959788521224833,144.6876288659794,0.32235105546277254,0.36883150495711103,18.75876288659794,0.668041237113402,62.98080012084025,-117.38844683315286,11.798270843897503,485
0.1788,0.8212,0.6918792604261816,139.09906832298137,0.3288315141486677,0.3777367180451361,18.19254658385093,0.6438923395445134,63.67541014659404,-121.49326966706101,11.329215227232666,483
0.1818,0.8182,0.6994979610137952,147.2431392931393,0.33103982405811966,0.3615240369543704,18.85031185031185,0.6611226611226612,63.49273159479733,-121.58556375686489,11.533957986498507,481
0.2065,0.7935,0.6761421998740289,146.2782291666667,0.34980486180296005,0.3823184548805301,18.760416666666668,0.6458333333333334,63.98777955851207,-121.00192123766784,11.716539121765189,480
0.3079,0.6921,0.7072613364659976,130.25471698113208,0.3270754182859043,0.3690090306187633,17.350104821802937,0.6876310272536688,63.58110364873795,-119.7126229283984,10.825904816907462,477
0.2887,0.7113,0.7196516726323251,138.95921610169495,0.32582463869138195,0.3596723869037881,17.718220338983052,0.6228813559322034,65.04515703853703,-120.50442431866645,11.31411268498854,472
0.3513,0.6487,0.6856775620960821,143.81427061310785,0.33989563784138094,0.3809841291858153,18.43551797040169,0.6871035940803383,64.20027923784137,-118.91018938367456,12.060550475480703,473
0.237,0.763,0.7034095365623315,137.56234309623434,0.3302774919671716,0.37806321961535816,17.951882845188283,0.6380753138075314,63.55295665665956,-120.61511648022912,11.774498618241761,478
0.6403,0.3597,0.7108765981108655,126.11137787056369,0.3204358202748159,0.3653989097608316,16.580375782881003,0.6388308977035491,62.844050869805784,-118.3789475623837,10.984175824607409,479
0.6352,0.3648,0.72679133482779,133.5619402985075,0.32442794236520095,0.351743045651478,17.541577825159916,0.6247334754797441,62.78442666329135,-119.3297797990881,10.671072721547636,469
0.6364,0.3636,0.6852189442516523,144.77156250000002,0.34192095778534637,0.3708095213355398,18.529166666666665,0.6458333333333334,65.77087360258514,-117.44232345573859,12.294738334388686,480
0.6756,0.3244,0.7189510413859121,137.76182008368207,0.3170093538976265,0.3616992736055949,18.179916317991633,0.6297071129707112,65.54040322993713,-119.00848566154038,10.57525842846343,478
0.6885,0.3115,0.6970710109946364,136.14098532494762,0.33156548750034004,0.36292928747630554,17.58909853249476,0.6247379454926625,65.62014062436683,-118.34374615637711,11.235011753198194,477
0.6134,0.3866,0.6936971956731124,153.05953389830512,0.3365745509130726,0.37643821310586906,19.680084745762713,0.6271186440677966,62.52862815170783,-118.05743641567759,11.950688006105544,472
0.6146,0.3854,0.6702810978202249,148.59519832985387,0.33482962035794406,0.38273777292486716,19.014613778705638,0.6764091858037579,62.44859709980332,-117.76893726776353,11.968456817366967,479
0.4623,0.5377,0.7028998973021252,138.66309012875539,0.32240142949730616,0.3684076061464885,17.935622317596568,0.6652360515021459,63.53533076129614,-119.81467604753489,11.227588549345432,466
0.3109,0.6891,0.683691922495196,146.6916666666667,0.3471393466047145,0.368117391655622,18.852564102564102,0.6773504273504274,61.907122444890526,-120.24556991678998,11.99697617637374,468
0.4257,0.5743,0.7264402917907458,147.26589473684214,0.33157336625911144,0.35084155934465155,19.090526315789475,0.6252631578947369,64.3246022836509,-120.61081067254003,10.934703132965515,475
0.4414,0.5586,0.6857340669056843,141.85062370062374,0.32844906381726746,0.37962976191809694,18.428274428274428,0.6902286902286903,65.3611832565332,-119.33790476802113,11.859290745610478,481
0.3778,0.6222,0.6965993032590838,141.97625000000002,0.32739987217589833,0.3771504246286963,18.677083333333332,0.6270833333333333,63.257507082130346,-120.48766012536757,11.300915323130813,480
0.467,0.533,0.6886314405700267,149.41438923395447,0.33764603965147033,0.37557622432706217,19.211180124223603,0.6480331262939959,62.94567440841516,-119.33087544699481,11.659814844283215,483
0.3557,0.6443,0.7076727174520898,146.80976645435248,0.32116816730910563,0.3697189554158293,19.171974522292995,0.6496815286624203,63.75877729836184,-120.32889608713933,11.141987979594761,471
0.2218,0.7782,0.6936700198050704,150.28516949152544,0.3385376457350674,0.3787761495548945,19.216101694915253,0.6440677966101694,63.707270828206525,-120.52935084222852,11.862798206095789,472
0.24,0.76,0.7263594546970383,130.66354166666667,0.3220720012245914,0.35649721989666217,17.102083333333333,0.6333333333333333,64.9766562456791,-121.11788897345183,11.043054343482794,480
0.3348,0.6652,0.7070156743429266,138.08483263598328,0.3288618448291527,0.36881997832236607,18.267782426778243,0.6317991631799164,64.33382175796051,-120.7263316719988,11.38662414170955,478
0.3396,0.6604,0.6924495919108575,152.35717299578062,0.3363423368221569,0.3779282127591699,19.668776371308017,0.6434599156118144,62.45506189635856,-120.17069559872495,11.936235354221873,474
0.2898,0.7102,0.6962526392531236,144.52037815126053,0.33768433677377174,0.3695203642060597,18.638655462184875,0.6722689075630253,63.954394793314734,-121.49710678461564,11.20293056976387,476
0.256,0.744,0.6980162475881125,152.61027253668763,0.3357669491139861,0.38660157467541334,19.941299790356393,0.6750524109014675,63.57251450315426,-121.22931666119743,11.61259058070338,477
0.3126,0.6874,0.7020868500217472,140.78547717842324,0.3265340239059514,0.3794761936580106,18.477178423236513,0.6348547717842323,63.54454273766181,-120.3669778661421,11.153584880661013,482
